kw_id,keyword,cluster,journey_phase,phase,intent,cv_destination,supervisor,priority,status,brief_path,draft_path,qa_report_path,article_id,published_at,gsc_position,notes
C7-001,仏壇処分,C7:品目別 処分・供養・買取,P2,F2,butsudan,kaitori_soukyaku,general,100,published,content/pipeline/C7-001/brief.md,content/pipeline/C7-001/draft.html,content/pipeline/C7-001/qa-report.json,butsudan-shobun,2026-05-27,,"下書き投入済(2026-05-26)。競17・高ボリューム・general(cleanup)。QA PASS(FAIL0/WARN=文字数3890)。閉眼供養/処分方法5選/費用目安/位牌・本尊/家族合意。宗教断定回避・罰当たり表現なし。差別化=実家じまい文脈・継ぐ人がいない場合。--live承認待ち""副次KW(1486件): 仏壇の処分(18100) / 仏壇 処分(18100) / 仏壇 の 処分(18100) / 仏壇 を 処分(18100) / 仏壇じまい(8100) / 仏壇 じまい(8100) / 仏壇じまい費用(1600) / 仏壇処分無料(1600) ほか | 月間検索数合計≒171,180(代表18,100/表記ゆれ継承あり) | 難易度30/競合17 | score=100 rank=S"
C6-002,遺品整理,C6:遺品整理・デジタル遺品,P2,F2,misc,ihin_soukyaku,general,98,published,,,,ihin-seiri,2026-05-27,,"副次KW(1203件): 遺品整理士(4400) / ムーブ・トゥ・ヘブン 私は遺品整理士です(2900) / ムーブ トゥ ヘブン: 私は遺品整理士です(2900) / ムーブトゥヘブン私は遺品整理士です(2900) / 遺品整理買取(1900) / 遺品整理 買い取り(1900) / 買取 遺品整理(1900) / 遺品整理 買取り(1900) ほか | 月間検索数合計≒138,430(代表27,100/表記ゆれ継承あり) | 難易度27/競合26 | score=98 rank=S"
C5-003,エンディングノート,C5:終活・エンディングノート,P1,F1,misc,lead_pdf,general,96,published,,,,ending-note-towa,2026-05-27,,"副次KW(3124件): 終活(18100) / 終活シェアハウス(12100) / 終活 シェアハウス(12100) / 終活ノート(6600) / 終活 ノート(6600) / エンディングノートダイソー(3600) / 終活倶楽部(3600) / 終活クラブ(3600) ほか | 月間検索数合計≒271,540(代表22,200/表記ゆれ継承あり) | 難易度31/競合14 | score=96 rank=S"
P1-004,実家じまい,P1:実家じまい完全ロードマップ,P1,F1,roadmap,lead_pdf,general,96,published,content/pipeline/P1-004/brief.md,content/pipeline/P1-004/draft.html,content/pipeline/P1-004/qa-report.json,jikka-jimai-guide,2026-05-26,,"副次KW(912件): 身辺整理とは(2900) / 身辺整理(2900) / 身辺整理 とは(2900) / 家じまい(720) / 身辺整理 うつ(720) / 実家じまい 手順(590) / 実家じまいとは(590) / 実家じまい とは(590) ほか | 月間検索数合計≒28,270(代表5,400/表記ゆれ継承あり) | 難易度28/競合4 | score=96 rank=S"
C8-005,粗大ごみ,C8:不用品・粗大ごみ・ゴミ屋敷,P2,F2,sodai_howto,fuyohin_soukyaku,general,94,published,,,,sodai-gomi,2026-05-27,,"副次KW(1150件): 粗大ゴミ(60500) / 粗大ごみの回収(9900) / 回収 粗大ごみ(9900) / 横浜粗大ごみ(9900) / 粗大ごみ回収(9900) / 粗大ごみ 横浜(9900) / 粗大ゴミ 回収(9900) / 粗大ごみ 回収(9900) ほか | 月間検索数合計≒836,380(代表60,500/表記ゆれ継承あり) | 難易度38/競合22 | score=94 rank=S"
P4-006,親介護,P4:親への切り出し方・家族の感情,P0,F1,care,lead_pdf,general,91,published,,,,oya-no-kaigo,2026-05-27,,"副次KW(3486件): 介護親(6600) / 親の介護(6600) / 親 介護(6600) / 親 の 介護(6600) / 親の介護 メンタル やられる(4400) / 親 の 介護 メンタル やられる(4400) / 介護離職(2900) / 親の介護人生終わった(2400) ほか | 月間検索数合計≒183,890(代表6,600/表記ゆれ継承あり) | 難易度34/競合4 | score=91 rank=S"
C7-007,骨董品買取,C7:品目別 処分・供養・買取,P2,F2,kottou,kaitori_soukyaku,general,91,published,content/pipeline/C7-007/brief.md,content/pipeline/C7-007/draft.html,content/pipeline/C7-007/qa-report.json,kottohin-kaitori,2026-05-27,,"下書き投入済(2026-05-27)。競23・general(cleanup)。QA クリーンPASS(2856字/FAIL0/WARN0)。買取方法3種/流れ/査定/価値が出やすい品/業者選び/押し買い(訪問購入)トラブル注意(クーリングオフ8日・188)。中立CV(特定業者推奨なし)・相場断定なし。--live承認待ち""副次KW(782件): 骨董品の買取(9900) / 買取骨董品(9900) / 骨董品 買取(9900) / 骨董品 買い取り(9900) / 骨董品 買取販売 古道具 ironmonger/アイアンモンガー(1300) / 名古屋骨董品買取(1000) / 骨董品買取名古屋(1000) / 骨董品 買取 名古屋(1000) ほか | 月間検索数合計≒70,390(代表9,900/表記ゆれ継承あり) | 難易度27/競合23 | score=91 rank=S"
C10-008,生前整理,C10:生前整理 総論ハブ,P1,F1,misc,lead_pdf,general,84,published,,,,seizenseiri-hub,2026-06-10,,"副次KW(570件): 遺品生前整理(590) / 出張買取専門店 リサイクルショップ バイバイマーケット 練馬 店 片付け 遺品整理 生前整理(480) / 生前整理 名古屋(170) / 遺品整理生前整理(140) / 生前整理 やること(140) / 生前整理ノート(140) / 名古屋生前整理(140) / 生前整理買取(140) ほか | 月間検索数合計≒9,840(代表3,600/表記ゆれ継承あり) | 難易度29/競合12 | score=84 rank=S"
P3-009,空き家活用,P3:実家の売却×解体補助金,P3,F3,use,fudosan_satei,none,81,published,content/pipeline/P3-009/brief.md,content/pipeline/P3-009/draft.html,content/pipeline/P3-009/qa-report.json,akiya-katsuyou,2026-05-27,,"下書き投入済(2026-05-26)。競4・none・高CV。QA PASS(FAIL0/WARN=文字数3383)。活用方法7選/メリデメ・費用リスク/補助金・空き家バンク/活用vs売却vs解体の判断。差別化=郊外で借り手つかない等の現実。supervisor=none(免責＋専門家誘導・利回り断定回避)。--live承認待ち""副次KW(731件): 空き家活用成功事例(590) / 空き家活用 成功事例(590) / 空き家活用事例(480) / 空き家活用 事例(480) / 空き家活用方法(390) / 空き家活用アイデア(260) / 空き家活用 アイデア(260) / 空き家活用 田舎(170) ほか | 月間検索数合計≒8,420(代表1,600/表記ゆれ継承あり) | 難易度30/競合4 | score=81 rank=A"
C7-010,捨てられないぬいぐるみ,C7:品目別 処分・供養・買取,P2,F2,ningyo,kaitori_soukyaku,general,80,published,content/pipeline/C7-010/brief.md,content/pipeline/C7-010/draft.html,content/pipeline/C7-010/qa-report.json,nuigurumi-suterarenai,2026-05-27,,"下書き投入済(2026-05-26)。低競合ロングテール(競合2)。QA PASS(FAIL0/WARN=文字数3492)。supervisor=general(mental領域で正当)。--live承認待ち。category/tagsはmicroCMS未マッピング""副次KW(38件): ぬいぐるみ捨てられない(880) / ぬいぐるみ 捨てられない(880) / ぬいぐるみ 捨てられない 大人(170) / ぬいぐるみ 捨てられない 病気(90) / ぬいぐるみ 捨てられない かわいそう(90) / ぬいぐるみ 捨てられない なんj(50) / ぬいぐるみ 捨てられない心理(40) / ぬいぐるみ 捨てられない 心理(40) ほか | 月間検索数合計≒3,350(代表880/表記ゆれ継承あり) | 難易度31/競合2 | score=80 rank=A"
P3-011,特定空き家,P3:実家の売却×解体補助金,P3,F3,maintain,fudosan_satei,none,80,published,content/pipeline/P3-011/brief.md,content/pipeline/P3-011/draft.html,content/pipeline/P3-011/qa-report.json,tokutei-akiya,2026-05-27,,"下書き投入済(2026-05-26)。低競合(競3)高CV(不動産査定)。QA PASS(FAIL0/WARN=文字数3781・リード計測は免責ボックス込み)。supervisor=none(免責ボックス＋宅建士/税理士/市区町村誘導・税額断定回避)。/area自治体データ導線。--live承認待ち""副次KW(336件): 特定空家(1600) / 特定空き家とは(1300) / 特定空家とは(1300) / 特定空き家 とは(1300) / 特定空家 とは(1300) / 特定空き家 と は(1300) / 特定空き家固定資産税(390) / 特定空き家 固定資産税(390) ほか | 月間検索数合計≒14,490(代表1,600/表記ゆれ継承あり) | 難易度31/競合3 | score=80 rank=A"
P1-012,実家を片付ける,P1:実家じまい完全ロードマップ,P1,F1,declutter,lead_pdf,general,80,published,content/pipeline/P1-012/brief.md,content/pipeline/P1-012/draft.html,content/pipeline/P1-012/qa-report.json,jikka-katazuke,2026-05-27,,"下書き投入済(2026-05-26)。競6・general・実家じまいクラスタの片付け実務。QA PASS(FAIL0/WARN=文字数3771)。始め方/場所別/不用品処分(無許可業者注意)/進まない対処/業者。差別化=親存命の感情配慮・遠方段取り。P1-004ハブと非重複・相互リンク。--live承認待ち""副次KW(868件): 実家を片付け(1900) / 実家の片付け(1900) / 片付け実家(1900) / 実家 の 片付け(1900) / 実家 を 片付け(1900) / 実家片付け(1300) / 実家 片付け(1300) / 実家片付けうんざり(590) ほか | 月間検索数合計≒30,850(代表1,900/表記ゆれ継承あり) | 難易度31/競合6 | score=80 rank=A"
C5-013,終活とは,C5:終活・エンディングノート,P1,F1,en_what,lead_pdf,general,79,published,content/pipeline/C5-013/brief.md,content/pipeline/C5-013/draft.html,content/pipeline/C5-013/qa-report.json,shukatsu-towa,2026-05-27,,"下書き投入済(2026-05-26)。競16・general・終活クラスタ定義アンカー。QA PASS(FAIL0/WARN=文字数3592)。とは(前向き再定義)/何をする/いつから/メリット/生前整理との違い。デッドリンク修正済(下書きスラッグ→公開済ルートへ)。--live承認待ち""副次KW(115件): 終活 とは(8100) / 終活アドバイザー意味ない(590) / ネオ終活とは(320) / 終活カウンセラーとは(320) / 終活アドバイザー 終活カウンセラー 違い(320) / 終活アドバイザーと終活カウンセラーの違い(320) / 終活とは何歳から(260) / 終活とは 何歳から(260) ほか | 月間検索数合計≒21,840(代表8,100/表記ゆれ継承あり) | 難易度36/競合16 | score=79 rank=A"
C8-014,ゴミ屋敷の片付け,C8:不用品・粗大ごみ・ゴミ屋敷,P2,F2,gomi_yashiki,fuyohin_soukyaku,general,79,published,content/pipeline/C8-014/brief.md,content/pipeline/C8-014/draft.html,content/pipeline/C8-014/qa-report.json,gomiyashiki-katazuke,2026-05-27,,"下書き投入済(2026-05-26)。競22・大ボリューム・general(cleanup)。QA PASS(FAIL0/WARN=文字数3709)。自分で片付け手順/自分vs業者/間取り別費用/業者選び/再発防止/背景の心理。差別化=実家(親)のゴミ屋敷への家族の関わり。ためこみ症は医療断定せず誘導。--live承認待ち""副次KW(618件): ゴミ屋敷を片付ける(6600) / ゴミ屋敷片付け(6600) / ゴミ屋敷 片付ける(6600) / ゴミ屋敷 片付け(6600) / ゴミ屋敷片付け費用(2900) / ゴミ屋敷 片付け 費用(2900) / ゴミ屋敷を片付ける業者(1900) / ゴミ屋敷片付け業者(1600) ほか | 月間検索数合計≒56,930(代表6,600/表記ゆれ継承あり) | 難易度35/競合22 | score=79 rank=A"
P3-015,空き家解体費用,P3:実家の売却×解体補助金,P3,F3,demolition,fudosan_satei,none,77,published,content/pipeline/P3-015/brief.md,content/pipeline/P3-015/draft.html,content/pipeline/P3-015/qa-report.json,akiya-kaitai-hiyou,2026-05-27,,"下書き投入済(2026-05-26)。低競合(競5)高CV。QA PASS(FAIL0/WARN=文字数3516)。supervisor=none(免責＋専門家誘導・費用/税断定回避)。解体vs古家付き売却の判断＝差別化。--live承認待ち""副次KW(590件): 空き家解体(1300) / 空き家解体 費用(1300) / 空き家解体ローン(260) / 空き家解体 ローン(260) / 空き家解体固定資産税減免(170) / 空き家解体 固定資産税減免(170) / 空き家解体 固定資産税 減免(170) / 古家付き土地売却 解体費用(140) ほか | 月間検索数合計≒7,340(代表1,300/表記ゆれ継承あり) | 難易度31/競合5 | score=77 rank=A"
C11-016,銀行口座凍結解除,C11:死後の手続き・諸手続きロードマップ,P3,F3,bank,lead_pdf,none,74,published,,,,ginko-koza-tousai-kaijo,2026-05-27,,"副次KW(108件): 銀行口座の凍結解除(1300) / 銀行口座凍結解除 必要書類(480) / 銀行口座不正利用 凍結解除(480) / 銀行口座凍結解除方法(320) / ゆうちょ銀行口座凍結解除(210) / 三井住友銀行口座凍結 解除(170) / 死亡 銀行口座凍結解除(140) / 銀行口座 死亡 凍結解除(140) ほか | 月間検索数合計≒5,660(代表1,300/表記ゆれ継承あり) | 難易度41/競合6 | score=74 rank=A"
P3-017,空き家の解体補助金,P3:実家の売却×解体補助金,P3,F3,subsidy,fudosan_satei,none,73,published,content/pipeline/P3-017/brief.md,content/pipeline/P3-017/draft.html,content/pipeline/P3-017/qa-report.json,akiya-kaitai-hojokin,2026-05-27,,"下書き投入済(2026-05-26)。競10・none・高CV。QA PASS(FAIL0/WARN=文字数3757・リード計測は免責込み)。補助金の種類/条件/補助額目安/申請の流れ(着工前必須)/使えない時の選択肢。supervisor=none(免責＋市区町村窓口誘導・断定回避)。P3-015と相互補完。/area主CV。デッドリンク修正済。--live承認待ち""副次KW(702件): 空き家解体補助金(1600) / 空家解体補助金(1600) / 家解体補助金(1600) / 空き家解体 補助金(1600) / 解体補助金(1000) / 解体 補助金(1000) / 補助金 解体(880) / 家の解体補助金(880) ほか | 月間検索数合計≒39,390(代表1,600/表記ゆれ継承あり) | 難易度32/競合10 | score=73 rank=A"
P4-018,親の介護兄弟不公平知恵袋,P4:親への切り出し方・家族の感情,P0,F1,siblings,lead_pdf,general,72,published,content/pipeline/P4-018/brief.md,content/pipeline/P4-018/draft.html,content/pipeline/P4-018/qa-report.json,oya-kaigo-kyodai-fukohei,2026-05-27,,"下書き投入済(2026-05-26)。競5・general・家族の感情。QA PASS(FAIL0/WARN=文字数3619)。共感(あなたは悪くない)→構造→話し合い→第三者。非弁回避:寄与分概要のみ・専門家誘導。介護はケアマネ/地域包括誘導。--live承認待ち""副次KW(192件): 親 の 介護 兄弟 不 公平 知恵袋(720) / 親の介護兄弟不公平(480) / 親介護を嫁に丸投げしたら捨てられた(480) / 親 の 介護 兄弟 不 公平(480) / 親の介護をしない兄弟相続(320) / 親 の 介護 を しない 兄弟 相続(320) / 親の介護兄弟不仲(260) / 親の介護をしない兄弟相続知恵袋(260) ほか | 月間検索数合計≒11,500(代表720/表記ゆれ継承あり) | 難易度29/競合5 | score=72 rank=A"
C5-019,無料エンディングノート,C5:終活・エンディングノート,P1,F1,en_write,lead_pdf,general,71,published,content/pipeline/C5-019/brief.md,content/pipeline/C5-019/draft.html,content/pipeline/C5-019/qa-report.json,ending-note-muryou,2026-05-27,,"下書き投入済(2026-05-26)。競14・general・lead_pdf(Zero-Party Data本丸)。QA PASS(FAIL0/WARN=文字数3689)。法的効力なし明記/遺言書と区別/無料入手法/書く項目/保管共有。主CV=/guidebookメール登録。C5-029と相互リンク。--live承認待ち""副次KW(269件): エンディングノート無料(2400) / エンディングノート 無料(2400) / エンディングノート無料ダウンロード excel(1000) / エンディングノート 無料ダウンロード excel(1000) / エンディングノートの書き方(880) / エンディングノート無料ダウンロード(880) / エンディングノート書き方(880) / エンディングノートダウンロード(880) ほか | 月間検索数合計≒32,270(代表2,900/表記ゆれ継承あり) | 難易度36/競合14 | score=71 rank=A"
C6-020,デジタル遺品,C6:遺品整理・デジタル遺品,P2,F2,digital,ihin_soukyaku,general,71,published,content/pipeline/C6-020/brief.md,content/pipeline/C6-020/draft.html,content/pipeline/C6-020/qa-report.json,digital-ihin,2026-05-27,,"下書き投入済(2026-05-26)。低競合ロングテール(競5)。QA クリーンPASS(2994字/FAIL0/WARN0)。supervisor=general。C11-026と相互リンク・非重複。--live承認待ち。category/tagsはmicroCMS未マッピング""副次KW(220件): 故人 スマホ ロック解除業者(390) / 故人 スマホ ロック解除 業者(390) / 死後 スマホ 見られたくない(320) / デジタル遺品整理業者(260) / デジタル遺品整理(170) / 故人 スマホ ロック解除(170) / 故人 スマホ ロック解除 docomo(170) / 故人 スマホ ロック解除 iphone(170) ほか | 月間検索数合計≒4,510(代表390/表記ゆれ継承あり) | 難易度29/競合5 | score=71 rank=A"
C8-021,不用品回収,C8:不用品・粗大ごみ・ゴミ屋敷,P2,F2,misc,fuyohin_soukyaku,general,70,published,,,,fuyohin-kaishu,2026-05-27,,"副次KW(1083件): 名古屋不用品回収(3600) / 不用品回収名古屋(3600) / 不用品回収無料(3600) / 不用品回収 無料(3600) / 不用品回収 名古屋(3600) / 横浜不用品回収(2400) / 不用品回収横浜(2400) / 不用品回収 横浜(2400) ほか | 月間検索数合計≒254,370(代表49,500/表記ゆれ継承あり) | 難易度32/競合47 | score=70 rank=A"
C10-022,生前整理とは,C10:生前整理 総論ハブ,P1,F1,what,lead_pdf,general,69,published,content/pipeline/C10-022/brief.md,content/pipeline/C10-022/draft.html,content/pipeline/C10-022/qa-report.json,seizenseiri-towa,2026-05-27,,"下書き投入済(2026-05-26)。競12・general・生前整理クラスタ定義アンカー。QA PASS(FAIL0/WARN=文字数3394)。とは/メリデメ/遺品整理・終活・老前整理との違い/やること/始め方。差別化=心の整理＋デス・クリーニング。進め方はmaster-guideへ委譲。--live承認待ち""副次KW(23件): 生前整理 とは(880) / 生前整理 メリット(70) / 生前整理デメリット(70) / 生前整理 デメリット(70) / 生前整理終活違い(50) / 生前整理 終 活 違い(50) / 遺品整理生前整理違い(30) / 遺品整理 生前整理 違い(30) ほか | 月間検索数合計≒2,180(代表880/表記ゆれ継承あり) | 難易度29/競合12 | score=69 rank=A"
C5-023,終活アドバイザー,C5:終活・エンディングノート,P1,F1,service,lead_pdf,general,68,published,,,,shukatsu-adviser,2026-05-27,,"副次KW(247件): 終活 アドバイザー(2900) / 終活カウンセラー(2400) / 終活 カウンセラー(2400) / 終活カウンセラー資格(720) / 終活カウンセラー 資格(720) / 終活 カウンセラー 資格(720) / 終活資格(590) / 資格 終活(590) ほか | 月間検索数合計≒31,430(代表2,900/表記ゆれ継承あり) | 難易度30/競合25 | score=68 rank=A"
P3-024,不動産査定,P3:実家の売却×解体補助金,P3,F3,sell,fudosan_satei,none,67,published,,,,fudosan-satei,2026-05-27,,"副次KW(4893件): 査定不動産(3600) / 不動産の査定(3600) / 売却家(3600) / 家を売却(3600) / 家売却(3600) / 家の売却(3600) / 不動産 査定(3600) / 不動産 の 査定(3600) ほか | 月間検索数合計≒271,100(代表3,600/表記ゆれ継承あり) | 難易度32/競合27 | score=67 rank=A"
P1-025,実家じまい費用,P1:実家じまい完全ロードマップ,P1,F1,cost,lead_pdf,general,66,published,content/pipeline/P1-025/brief.md,content/pipeline/P1-025/draft.html,content/pipeline/P1-025/qa-report.json,jikka-jimai-hiyou,2026-05-27,,"下書き投入済(2026-05-26)。競14・general・lead_pdf。QA PASS(FAIL0/WARN=文字数3865)。総額(パターン別)・内訳・誰が払う(きょうだい合意)・抑え方・補助金(着工前申請)。費用断定回避。P1-004ハブ・P1-012と非重複・相互リンク。--live承認待ち""副次KW(79件): 実家じまい 費用(1000) / 実家じまい 補助金(720) / 実家の片付け費用(480) / 実家片付け費用(480) / 実家 片付け 費用(480) / 実家 の 片付け 費用(480) / 家じまい 費用(320) / 実家の片付け業者 費用(110) ほか | 月間検索数合計≒5,930(代表1,000/表記ゆれ継承あり) | 難易度32/競合14 | score=66 rank=A"
C11-026,親が亡くなったらやること,C11:死後の手続き・諸手続きロードマップ,P3,F3,checklist,lead_pdf,none,66,published,content/pipeline/C11-026/brief.md,content/pipeline/C11-026/draft.html,content/pipeline/C11-026/qa-report.json,shigo-tetsuzuki-checklist,2026-05-26,,"本番公開済(2026-05-26)。Gate1=supervisor=none条件分岐(デプロイ済)＋microCMS supervisorフィールド追加・値=none同期済→中立バイライン。Gate2(a)=CTAを/guidebook/shigo-tetsuzukiに正直化(同期済)。Gate2(b)=死後手続き専用PDFページ新設(デプロイ済)。書込キーにPATCH権限付与済で再投入はupdate(PATCH)動作。category/tagsはmicroCMS未マッピング(既存仕様/要改善)""副次KW(14件): 死後の手続き一覧(320) / 死後手続き 一覧(320) / 父親が亡くなったらやること(320) / 親が亡くなったらやることリスト(140) / 親が亡くなったらやること 順番(70) / 死後の手続き一覧表(30) / 母親が亡くなったらやること(30) / 親の死後手続き 一覧(0) ほか | 月間検索数合計≒3,630(代表2,400/表記ゆれ継承あり) | 難易度34/競合31 | score=66 rank=B"
C6-027,業者 遺品整理,C6:遺品整理・デジタル遺品,P2,F2,vendor,ihin_soukyaku,general,62,published,,,,ihin-seiri-gyosha,2026-05-27,,"副次KW(149件): 遺品整理業者(2400) / 遺品整理 業者(2400) / 遺品整理士の資格(1300) / 遺品整理士資格(1300) / 遺品整理士 資格(1300) / 遺品整理の資格(720) / 遺品整理資格(720) / 遺品整理 資格(720) ほか | 月間検索数合計≒22,640(代表2,400/表記ゆれ継承あり) | 難易度30/競合35 | score=62 rank=B"
P3-028,空き家処分,P3:実家の売却×解体補助金,P3,F3,misc,fudosan_satei,none,61,published,content/pipeline/P3-028/brief.md,content/pipeline/P3-028/draft.html,content/pipeline/P3-028/qa-report.json,akiya-shobun,2026-05-27,,"下書き投入済(2026-05-27)。競13・none・処分方法の比較ハブ。QA PASS(FAIL0/WARN=文字数3337)。売却/解体/譲渡/寄付/空き家バンク/国庫帰属/相続放棄概要。P3-009活用と意図分離。supervisor=none(免責＋専門家/自治体誘導・断定回避)。/area主CV。--live承認待ち""副次KW(94件): 空き家処分田舎(170) / 空き家処分方法(110) / 空き家処分費用(110) / 空き家処分 方法(110) / 空き家処分 費用(110) / 空き家処分できない(90) / 空き家処分 できない(90) / 空き家処分相談(70) ほか | 月間検索数合計≒1,730(代表480/表記ゆれ継承あり) | 難易度31/競合13 | score=61 rank=B"
C5-029,終活いつから,C5:終活・エンディングノート,P1,F1,howto,lead_pdf,general,60,published,content/pipeline/C5-029/brief.md,content/pipeline/C5-029/draft.html,content/pipeline/C5-029/qa-report.json,shukatsu-itsukara,2026-05-27,,"下書き投入済(2026-05-26)。競15・general・終活クラスタ。QA PASS(FAIL0/WARN=文字数3877)。差別化=健康寿命ギャップで早期準備をロジック化。C10-041とWhy/How役割分担・相互リンク。--live承認待ち""副次KW(90件): 終活 いつから(590) / 終活何歳から(320) / 終活 何歳から(320) / 終活準備(170) / 終活リスト(170) / 終活の準備(170) / 終活 100のリスト(170) / 終活やること(170) ほか | 月間検索数合計≒5,550(代表590/表記ゆれ継承あり) | 難易度32/競合15 | score=60 rank=B"
C7-030,着物買取,C7:品目別 処分・供養・買取,P2,F2,kimono,kaitori_soukyaku,general,60,published,,,,kimono-kaitori,2026-05-27,,"副次KW(1896件): 着物 買取(49500) / 着物 買取り(49500) / 着物 を 買取(49500) / 着物買取どこがいい(4400) / 着物買取がっかり(4400) / 着物 買取 どこがいい(4400) / 着物 買取 がっかり(4400) / 着物 相場 買取(3600) ほか | 月間検索数合計≒373,120(代表49,500/表記ゆれ継承あり) | 難易度36/競合51 | score=60 rank=B"
P4-031,親の終活,P4:親への切り出し方・家族の感情,P0,F1,start,lead_pdf,general,57,published,content/pipeline/P4-031/brief.md,content/pipeline/P4-031/draft.html,content/pipeline/P4-031/qa-report.json,oya-no-shukatsu,2026-05-27,,"下書き投入済(2026-05-26)。競12・general・親に終活をどう促すか。QA PASS(FAIL0/WARN=文字数3367)。嫌がる心理→切り出し方→確認リスト→無理しないコツ。差別化=親の自己決定尊重・急かすと逆効果。P1-004/P4-039と非重複。PII非保存・相続は専門家へ。--live承認待ち""副次KW(51件): 親終活(210) / 終活 親(210) / 終活しない親(70) / 親の終活リスト(70) / 終活 しない 親(70) / 親の終活 つらい(40) / 終活 親に聞いておくこと(40) / 親の生前整理(30) ほか | 月間検索数合計≒1,230(代表260/表記ゆれ継承あり) | 難易度29/競合12 | score=57 rank=B"
P4-032,片付けられない親 発達障害,P4:親への切り出し方・家族の感情,P0,F1,misc,lead_pdf,general,55,published,,,,katazuke-dekinai-oya-hattatsu,2026-05-27,,"副次KW(335件): 片付けられない 親 発達障害(390) / 片付けられない親ストレス(320) / 親の株 名義変更 生前(320) / 生前贈与 土地 親子(320) / 片付けられない 親 ストレス(320) / 生前 贈与 土地 親子(320) / 親 の株 名義変更 生前(320) / 生前贈与 不動産 親子(260) ほか | 月間検索数合計≒8,710(代表390/表記ゆれ継承あり) | 難易度34/競合15 | score=55 rank=B"
C8-033,不用品回収業者,C8:不用品・粗大ごみ・ゴミ屋敷,P2,F2,fuyohin_vendor,fuyohin_soukyaku,general,54,published,,,,fuyohin-kaishu-gyosha,2026-05-27,,"副次KW(157件): 不用品回収 業者(9900) / 引越し業者不用品回収(1900) / 引っ越し業者不用品回収(1900) / 引っ越し 不用品回収業者(1900) / 不用品回収引越し業者(1900) / 不用品回収引っ越し業者(1900) / 引越し 不用品回収業者(1900) / 不用品回収 引越し業者(1900) ほか | 月間検索数合計≒54,750(代表9,900/表記ゆれ継承あり) | 難易度34/競合49 | score=54 rank=B"
C6-034,遺品整理はいつから,C6:遺品整理・デジタル遺品,P2,F2,howto,ihin_soukyaku,general,54,published,,,,ihinseiri-itsukara,2026-05-27,,"副次KW(52件): 遺品整理いつから(720) / 遺品整理いつ(720) / 遺品整理はいつ(720) / 遺品整理 いつから(720) / 遺品整理 いつ(720) / 遺品整理 捨ててはいけないもの(480) / 遺品整理 捨てては いけない もの(480) / 遺品整理自分で(210) ほか | 月間検索数合計≒7,880(代表720/表記ゆれ継承あり) | 難易度30/競合33 | score=54 rank=B"
C6-035,遺品整理の費用,C6:遺品整理・デジタル遺品,P2,F2,cost,ihin_soukyaku,general,53,published,,,,ihin-seiri-hiyou,2026-05-27,,"副次KW(81件): 遺品整理費用(3600) / 遺品整理 費用(3600) / 遺品整理の相場(1600) / 遺品整理相場(1600) / 遺品整理 相場(1600) / 遺品整理費用一軒家(880) / 遺品整理 費用 一軒家(880) / 遺品整理料金(720) ほか | 月間検索数合計≒23,470(代表4,400/表記ゆれ継承あり) | 難易度29/競合50 | score=53 rank=B"
P1-036,実家じまい やってはいけない 失敗,P1:実家じまい完全ロードマップ,P1,F1,trouble,lead_pdf,general,52,published,,,,jikka-jimai-yatte-haikenai,2026-05-27,,副次KW(39件): 実家片付け 疲れた(90) / 実家 物が多い ストレス(90) / 実家 片付け 疲れ た(90) / 実家 片付け 疲れた(90) / 実家の片付け 疲れる(40) / 実家の片付け進まない(20) / 実家片付け 揉める(20) / 実家 の 片付け 進ま ない(20) ほか | 月間検索数合計≒630(代表110/表記ゆれ継承あり) | 難易度30/競合2 | score=52 rank=B
C10-037,生前整理アドバイザー,C10:生前整理 総論ハブ,P1,F1,cost,lead_pdf,general,49,published,,,,seizenseiri-adviser,2026-05-27,,"副次KW(79件): 生前整理業者(480) / 生前整理 業者(480) / 生前整理 アドバイザー(480) / 生前整理 相場(140) / 生前整理優良業者(90) / 生前整理アドバイザー 収入(90) / 生前整理 優良 業者(90) / 生前整理 優良業者(90) ほか | 月間検索数合計≒3,340(代表480/表記ゆれ継承あり) | 難易度32/競合28 | score=49 rank=B"
C11-038,死後年金手続き,C11:死後の手続き・諸手続きロードマップ,P3,F3,pension,lead_pdf,none,45,published,,,,shigo-nenkin-tetsuzuki,2026-06-10,,副次KW(11件): 死後 の 年金 手続き(30) / 死後の手続き 年金(20) / 年金 死後 手続き(10) / 年金 死後 の 手続き(10) / 死後手続き 年金(0) / 厚生年金 死後手続き(0) / 親 の 死後 年金 手続き(0) / おとなの週刊現代 vol.3 最新版 死後の手続き2023 年金と相続の大変化(0) ほか | 月間検索数合計≒120(代表50/表記ゆれ継承あり) | 難易度33/競合8 | score=45 rank=B
P4-039,高齢の親 物を捨てない,P4:親への切り出し方・家族の感情,P0,F1,persuade,lead_pdf,general,45,published,content/pipeline/P4-039/brief.md,content/pipeline/P4-039/draft.html,content/pipeline/P4-039/qa-report.json,oya-mono-suterenai,2026-05-27,,下書き投入済(2026-05-26)。低競合(競5)感情ロングテール。QA PASS(FAIL0/WARN=文字数3851・リード194)。supervisor=general(mental正当)。ためこみ症は医療断定せず地域包括/医療機関誘導。P1-004ハブと非重複。--live承認待ち副次KW(18件): 物を捨てない親(40) / 親が物を捨てない(30) / 介護認定 親が嫌がる(20) / 介護サービス 嫌がる親(20) / 親の介護 デイサービス 嫌がる(20) / 親 介護施設 嫌がる(20) / 親 介護 施設 嫌がる(20) / 親 の 介護 デイ サービス 嫌がる(20) ほか | 月間検索数合計≒320(代表70/表記ゆれ継承あり) | 難易度31/競合5 | score=45 rank=B
C10-040,生前整理 進め方,C10:生前整理 総論ハブ,P1,F1,howto,lead_pdf,general,44,published,,,,seizenseiri-susumekata,2026-06-10,,副次KW(17件): 生前整理やることリスト(110) / 生前整理 やることリスト(110) / 生前整理 ミニマリスト(30) / 生前整理 チェックリスト(30) / 生前整理 チェック リスト(30) / 生前整理リスト(20) / 生前整理 リスト(20) / 生前整理 コツ(10) ほか | 月間検索数合計≒510(代表110/表記ゆれ継承あり) | 難易度31/競合17 | score=44 rank=B
C10-041,生前整理 50代,C10:生前整理 総論ハブ,P1,F1,timing,lead_pdf,general,43,published,content/pipeline/C10-041/brief.md,content/pipeline/C10-041/draft.html,content/pipeline/C10-041/qa-report.json,seizenseiri-50dai,2026-05-27,,下書き投入済(2026-05-26)。低競合(競8)生前整理ロングテール。QA クリーンPASS(3351字/FAIL0)。supervisor=general。差別化=サンドイッチ世代(自分＋親の終活)。財産は一覧化まで・手続きは専門家へ。--live承認待ち副次KW(9件): 定年前にはじめる生前整理 人生後半が変わる4ステップ(20) / 生前整理 60代(20) / 生前整理 何歳から(20) / 生前整理 いつから(20) / 生前整理 タイミング(10) / 生前整理 時期(0) / 生前整理 年齢(0) / 生前整理 70代(0) ほか | 月間検索数合計≒140(代表50/表記ゆれ継承あり) | 難易度27/競合8 | score=43 rank=B
P1-042,生前整理 やり方,P1:実家じまい完全ロードマップ,P1,F1,timing,lead_pdf,general,42,published,,,,seizenseiri-yarikata,2026-06-10,,副次KW(32件): 実家の片付け 生前整理(10) / 両親が元気なうちに 実家じまい はじめました(10) / 老前整理 いつから(10) / 身辺整理 死ぬ準備(10) / 実家 の 片付け 生前 整理(10) / 実家の片付け 準備(0) / 実家の片付け 生前(0) / 実家 片付け 生前(0) ほか | 月間検索数合計≒100(代表50/表記ゆれ継承あり) | 難易度32/競合3 | score=42 rank=B
C8-043,不用品回収の相場,C8:不用品・粗大ごみ・ゴミ屋敷,P2,F2,fuyohin_cost,fuyohin_soukyaku,general,38,published,,,,fuyohin-kaishu-souba,2026-05-27,,"副次KW(92件): 不用品回収相場(1600) / 不用品回収 相場(1600) / ベンリー 不用品回収料金(590) / 不用品回収いくらかかった(480) / 不用品回収料金表(480) / サカイ引越センター 不用品回収費用(480) / 不用品回収 料金表(480) / アート引越センター 不用品回収料金(260) ほか | 月間検索数合計≒14,170(代表1,600/表記ゆれ継承あり) | 難易度38/競合53 | score=38 rank=B"
C9-044,生前贈与,C9:相続・税・生前贈与・信託,P3,F3,gift,souzoku_soudan,specialist,28,merged,,,,,,,"副次KW(1733件): 不動産の生前贈与(5400) / 不動産を生前贈与(5400) / 不動産生前贈与(5400) / 生前贈与不動産(5400) / 生前贈与 不動産(5400) / 孫の生前贈与(2400) / 生前贈与は(2400) / 孫生前贈与(2400) ほか | 月間検索数合計≒209,590(代表40,500/表記ゆれ継承あり) | 難易度36/競合16 | score=28 rank=B"
C9-045,家族信託,C9:相続・税・生前贈与・信託,P3,F3,trust,souzoku_soudan,specialist,28,merged,,,,,,,"副次KW(1899件): 家族信託とは(12100) / 家族信託 とは(12100) / 家族信託手続き(2900) / 家族信託 手続き(2900) / 家族信託必要ない(2400) / 家族信託費用(2400) / 家族信託 費用(2400) / 家族信託 必要ない(2400) ほか | 月間検索数合計≒99,510(代表14,800/表記ゆれ継承あり) | 難易度30/競合15 | score=28 rank=B"
C9-046,実家を相続,C9:相続・税・生前贈与・信託,P3,F3,misc,souzoku_soudan,specialist,21,published,,,,jikka-souzoku-tetsuzuki,2026-06-10,,"副次KW(709件): 実家相続(1900) / 実家の相続(1900) / 相続実家(1900) / 実家 相続(1900) / 実家 の 相続(1900) / 実家 を 相続(1900) / やってはいけない実家の相続(1000) / やってはいけない 実家 の 相続(1000) ほか | 月間検索数合計≒23,430(代表1,900/表記ゆれ継承あり) | 難易度38/競合9 | score=21 rank=B"
C9-047,生前贈与 相続 税金,C9:相続・税・生前贈与・信託,P3,F3,tax,souzoku_soudan,specialist,21,merged,,,,,,,"副次KW(811件): 生前贈与と相続税(9900) / 相続税生前贈与(9900) / 生前贈与相続税(9900) / 相続税と生前贈与(9900) / 生前贈与 相続税(9900) / 非課税生前贈与(8100) / 生前贈与非課税(8100) / 生前贈与とは 非課税(8100) ほか | 月間検索数合計≒169,400(代表9,900/表記ゆれ継承あり) | 難易度40/競合21 | score=21 rank=B"
C9-048,相続放棄 実家,C9:相続・税・生前贈与・信託,P3,F3,proc,souzoku_soudan,specialist,16,merged,,,,,,,"副次KW(128件): 実家相続放棄(390) / 実家 相続放棄(390) / 実家相続 名義変更(260) / 実家 相続 名義変更(260) / 実家 相続 名義 変更(260) / 実家の名義変更 相続(90) / 実家 相続放棄 どうなる(90) / 実家 の 名義 変更 相続(90) ほか | 月間検索数合計≒3,350(代表390/表記ゆれ継承あり) | 難易度37/競合14 | score=16 rank=B"
C7-049,古着 物 処分,C7:品目別 処分・供養・買取,P2,F2,misc,kaitori_soukyaku,general,15,published,,,,furugi-shobun,2026-05-27,,副次KW(0件):  | 月間検索数合計≒10(代表10/表記ゆれ継承あり) | 難易度50/競合29 | score=15 rank=B
pseo-area-cleanup,地域×粗大ごみ・不用品 pSEO,C8:不用品・粗大ごみ・ゴミ屋敷,P2,F2,programmatic_local,fuyohin_soukyaku,general,90,backlog,,,,,,,"pSEOハブ[既存pSEO] route=/area/[都道府県]/[市区町村]/cleanup | 集約地名KW 3430件 / 月間検索数合計≒2,619,880 | 代表:横浜市粗大ごみ(60500) | 地名KWは手書き記事化せずpSEOで生成。本行はpSEOデータ拡充の根拠"
pseo-area-c6,地域×遺品整理・デジタル遺品 pSEO拡充候補,C6:遺品整理・デジタル遺品,P2,F2,programmatic_local,ihin_soukyaku,general,40,backlog,,,,,,,"pSEOハブ[拡充候補] route=(新規pSEOルート候補) | 集約地名KW 969件 / 月間検索数合計≒99,920 | 代表:遺品整理大阪(1900) | 地名KWは手書き記事化せずpSEOで生成。本行はpSEOデータ拡充の根拠"
pseo-area-c7,地域×品目別 処分・供養・買取 pSEO拡充候補,C7:品目別 処分・供養・買取,P2,F2,programmatic_local,kaitori_soukyaku,general,40,backlog,,,,,,,"pSEOハブ[拡充候補] route=(新規pSEOルート候補) | 集約地名KW 2561件 / 月間検索数合計≒80,900 | 代表:買取 着物 大阪(720) | 地名KWは手書き記事化せずpSEOで生成。本行はpSEOデータ拡充の根拠"
pseo-area-subsidy,地域×補助金 pSEO（空き家・解体補助金）,P3:実家の売却×解体補助金,P3,F3,programmatic_local,fudosan_satei,none,90,backlog,,,,,,,"pSEOハブ[既存pSEO] route=/area/[都道府県]/[市区町村]/subsidy | 集約地名KW 5073件 / 月間検索数合計≒40,590 | 代表:岐阜 不動産査定(140) | 地名KWは手書き記事化せずpSEOで生成。本行はpSEOデータ拡充の根拠"
pseo-area-c5,地域×終活・エンディングノート pSEO拡充候補,C5:終活・エンディングノート,P1,F1,programmatic_local,lead_pdf,general,40,backlog,,,,,,,"pSEOハブ[拡充候補] route=(新規pSEOルート候補) | 集約地名KW 551件 / 月間検索数合計≒5,660 | 代表:終活スナックめめんともり沖縄店(210) | 地名KWは手書き記事化せずpSEOで生成。本行はpSEOデータ拡充の根拠"
pseo-area-c10,地域×生前整理 総論ハブ pSEO拡充候補,C10:生前整理 総論ハブ,P1,F1,programmatic_local,lead_pdf,general,40,backlog,,,,,,,"pSEOハブ[拡充候補] route=(新規pSEOルート候補) | 集約地名KW 264件 / 月間検索数合計≒3,050 | 代表:生前整理大阪(210) | 地名KWは手書き記事化せずpSEOで生成。本行はpSEOデータ拡充の根拠"
pseo-area-c9,地域×相続・税・生前贈与・信託 pSEO拡充候補,C9:相続・税・生前贈与・信託,P3,F3,programmatic_local,souzoku_soudan,specialist,40,backlog,,,,,,,"pSEOハブ[拡充候補] route=(新規pSEOルート候補) | 集約地名KW 147件 / 月間検索数合計≒1,360 | 代表:家族信託 東京(90) | 地名KWは手書き記事化せずpSEOで生成。本行はpSEOデータ拡充の根拠"
pseo-area-p4,地域×親への切り出し方・家族の感情 pSEO拡充候補,P4:親への切り出し方・家族の感情,P0,F1,programmatic_local,lead_pdf,general,40,backlog,,,,,,,pSEOハブ[拡充候補] route=(新規pSEOルート候補) | 集約地名KW 29件 / 月間検索数合計≒140 | 代表:高市早苗親の介護(40) | 地名KWは手書き記事化せずpSEOで生成。本行はpSEOデータ拡充の根拠
pseo-area-c11,地域×死後の手続き・諸手続きロードマップ pSEO拡充候補,C11:死後の手続き・諸手続きロードマップ,P3,F3,programmatic_local,lead_pdf,none,40,backlog,,,,,,,pSEOハブ[拡充候補] route=(新規pSEOルート候補) | 集約地名KW 15件 / 月間検索数合計≒90 | 代表:福岡銀行 口座凍結 解除(40) | 地名KWは手書き記事化せずpSEOで生成。本行はpSEOデータ拡充の根拠
pseo-area-p1,地域×実家じまい完全ロードマップ pSEO拡充候補,P1:実家じまい完全ロードマップ,P1,F1,programmatic_local,lead_pdf,general,40,backlog,,,,,,,pSEOハブ[拡充候補] route=(新規pSEOルート候補) | 集約地名KW 48件 / 月間検索数合計≒60 | 代表:西 東京 市 実家 片付け(10) | 地名KWは手書き記事化せずpSEOで生成。本行はpSEOデータ拡充の根拠
O1-001,デスドゥーラ,O1:海外調査・事例,P4,F2,care,lead_pdf,general,60,published,content/pipeline/O1-001/brief.md,content/pipeline/O1-001/draft.html,content/pipeline/O1-001/qa-report.json,death-doula-toha,2026-06-10,,"海外調査クラスタ第1弾。QA CLEAN PASS(19/19/WARN0/FAIL0)。被リンク仕掛け=NEDA/INELDA/Doulagivers/日本看取り士会の比較表。supervisor=general(大久保亮佑)。村上クレジット無し。X連投スレッド draft 8投稿登録済(2026-09-17 12:30開始)。--live承認待ち、microCMS未投入。"
O1-002,デジタル遺産 海外,O1:海外調査・事例,P3,F3,misc,lead_pdf,general,55,published,content/pipeline/O1-002/brief.md,content/pipeline/O1-002/draft.html,content/pipeline/O1-002/qa-report.json,kaigai-digital-isan-7sha,2026-06-10,,"海外調査クラスタ第2弾。QA CLEAN PASS(19/19/WARN0/FAIL0)。被リンク仕掛け=7社×10項目比較表+日本居住者利用可否マトリクス。supervisor=general(大久保亮佑)。Sumitomo×Empathy要監視ポイントに記載。X連投スレッド draft 7投稿登録済(2026-09-19 20:00開始)。--live承認待ち、microCMS未投入。"
O1-003,スウェディッシュ デス クリーニング,O1:海外調査・事例,P1,F1,misc,lead_pdf,general,70,published,content/pipeline/O1-003/brief.md,content/pipeline/O1-003/draft.html,content/pipeline/O1-003/qa-report.json,swedish-death-cleaning-toha,2026-06-10,,"海外調査クラスタ第3弾。QA CLEAN PASS(19/19/WARN0/FAIL0)。被リンク仕掛け=日本生前整理 vs スウェーデン式比較表9項目。supervisor=general(大久保亮佑)生前整理コア領域。Phase1誤認(Netflix)を訂正してPeacock配信と本文明記。X連投スレッド draft 7投稿登録済(2026-09-15 20:00開始)。--live承認待ち、microCMS未投入。"
O1-004,シニア引越し業者 海外,O1:海外調査・事例,P2,F2,care,kaitori_soukyaku,general,50,published,content/pipeline/O1-004/brief.md,,,nasmm-senior-move-manager-japan,2026-06-10,,"海外調査クラスタ第2バッチ。brief+meta事前生成済(2026-06-05)。被リンク仕掛け=NASMM会員企業8社の料金比較。次セッションで /write 実行可能。"
O1-005,デスカフェ,O1:海外調査・事例,P1,F1,misc,lead_pdf,general,50,published,content/pipeline/O1-005/brief.md,,,death-cafe-shukatsu-cafe,2026-06-10,,"海外調査クラスタ第2バッチ。brief+meta事前生成済(2026-06-05)。被リンク仕掛け=世界97カ国Death Café地図+日本主要終活カフェ比較。"
O1-006,death-positive 日本,O1:海外調査・事例,P1,F1,misc,lead_pdf,general,55,published,content/pipeline/O1-006/brief.md,,,doughty-kotsuage-death-positive,2026-06-10,,"海外調査クラスタ第2バッチ。brief+meta事前生成済(2026-06-05)。被リンク仕掛け=Doughty著From Here to Eternity第6章骨上げを日本人向けに整理。"
O1-007,ビーイングモータル,O1:海外調査・事例,P4,F2,care,lead_pdf,general,55,published,content/pipeline/O1-007/brief.md,,,being-mortal-gawande-jinsei-kaigi,2026-06-10,,"海外調査クラスタ第2バッチ。brief+meta事前生成済(2026-06-05)。被リンク仕掛け=Gawande本が日本のACP普及に与えた影響整理。"
O1-008,End Well Project 日本,O1:海外調査・事例,P4,F2,misc,lead_pdf,general,45,published,content/pipeline/O1-008/brief.md,,,end-well-podcast-keyperson-7,2026-06-10,,"海外調査クラスタ第2バッチ。brief+meta事前生成済(2026-06-05)。被リンク仕掛け=キーパーソン7人プロフィール+日本アクセス可リソース一覧。Shoshana Ungerleider/Berger混同注意。"
NEW-001-jikka-jimai-jibun,実家じまいを自分でやる方法,,,,,,,,published,,,,jikka-jimai-jibunde,,,
NEW-002-shisetsu-nyukyo,親が老人ホーム入居,,,,,,,,published,,,,roujin-home-nyukyo-jikka,,,
NEW-003-ihin-jibun,遺品整理を自分でやる方法,,,,,,,,merged,,,,ihin-seiri-jibunde,,,
NEW-004-ninchi-seiri,親が認知症になったら,,,,,,,,published,,,,oya-ninchi-seiri,,,
NEW-005-shashin-seiri,写真・アルバムが大量で困った時の整理法,,,,,,,,published,,,,shashin-album-seiri,,,
NEW-006-kaitori,遺品の買取業者の選び方,,,,,,,,published,,,,ihin-kaitori-gyosha,,,
NEW-007-akiya-kanri,空き家の管理方法,,,,,,,,published,,,,akiya-kanri,,,
NEW-008-otakiage,お焚き上げとは,,,,,,,,published,,,,otakiage-service,,,
NEW-009-sogi-sha-erabikata,葬儀社の選び方完全ガイド,,,,,,,,published,,,,sogi-sha-erabikata,,,
NEW-010-hakajimai,墓じまいの流れと費用相場,,,,,,,,published,,,,hakajimai-nagare,,,
NEW-011-shukatsu-seminar,終活セミナーの選び方,,,,,,,,published,,,,shukatsu-seminar-erabikata,,,
NEW-012-kaigo-hoken-shinsei,介護保険申請の流れ完全ガイド,,,,,,,,published,,,,kaigo-hoken-shinsei-nagare,,,
NEW-013-shibo-hokenkin-seikyu,死亡保険金の請求方法と流れ,,,,,,,,published,,,,shibo-hokenkin-seikyu,,,
NEW-014-yuigonsho-kakikata,遺言書の書き方,,,,,,,,published,,,,yuigonsho-kakikata-kihon,,,
NEW-015-jikka-katazuke-gyosha,実家の片付け業者選び方完全ガイド,,,,,,,,published,,,,jikka-katazuke-gyosha-erabikata,,,
NEW-016-akiya-bank,空き家バンクとは,,,,,,,,published,,,,akiya-bank-toha,,,
NEW-017-oya-ninchisho-junbi,親が認知症かもしれないと感じたら,,,,,,,,published,,,,oya-ninchisho-kaigo-junbi,,,
NEW-018-digital-ihin,デジタル遺品整理の進め方,,,,,,,,published,,,,digital-ihin-seiri,,,
NEW-019-jikka-kagi,実家の鍵管理問題,,,,,,,,published,,,,jikka-kagi-kanri,,,
NEW-020-iejimai,家じまいの進め方完全ガイド,,,,,,,,published,,,,iejimai-susumekata,,,
NEW-021-shashin-seiri,実家の写真整理の進め方,,,,,,,,published,,,,jikka-shashin-seiri,,,
NEW-022-oya-zaisan-haaku,親の財産を生前に把握する方法,,,,,,,,published,,,,oya-zaisan-haaku-houhou,,,
NEW-023-ihin-jibun-de,遺品整理を自分でやる進め方,,,,,,,,published,,,,ihin-seiri-jibun-de,,,
NEW-024-seizen-zoyo,生前贈与の基本,,,,,,,,published,,,,seizen-zoyo-kihon,,,
NEW-025-nini-koken,任意後見契約とは,,,,,,,,published,,,,nini-koken-keiyaku-toha,,,
NEW-026-shumatsuki-iryo,終末期医療の意思表示,,,,,,,,published,,,,shumatsuki-iryo-ishihyoji,,,
NEW-027-fudosan-baikyaku,不動産売却の流れ完全ガイド,,,,,,,,published,,,,fudosan-baikyaku-nagare,,,
NEW-028-jikka-kotei-shisanzei,実家の固定資産税対策ガイド,,,,,,,,published,,,,jikka-kotei-shisanzei-taisaku,,,
NEW-029-ihin-seiri-timing,遺品整理はいつから始めるべき？四十九日・一周忌の目安と「心と手続きの両立」のタイ,,,,,,,,published,,,,ihin-seiri-timing,,,
NEW-030-shigo-jimu-inin,死後事務委任契約とは,,,,,,,,published,,,,shigo-jimu-inin-keiyaku,,,
NEW-031-kaigo-rishoku-fusegu,介護離職を防ぐ完全ガイド,,,,,,,,published,,,,kaigo-rishoku-fusegu,,,
NEW-032-kazoku-shintaku,家族信託とは,,,,,,,,published,,,,kazoku-shintaku-kihon,,,
NEW-033-oya-tsucho-sagashikata,親の通帳・保険証券・印鑑の探し方,,,,,,,,published,,,,oya-tsucho-sagashikata,,,
NEW-034-souzoku-houki,相続放棄の3か月期限,,,,,,,,published,,,,souzoku-houki-3kagetsu,,,
NEW-035-kaigo-hiyou-soba,介護費用の月額相場,,,,,,,,published,,,,kaigo-hiyou-soba,,,
NEW-036-kyodai-jikka-jimai-trouble,兄弟で実家じまいがもめる前に,,,,,,,,published,,,,kyodai-jikka-jimai-trouble,,,
NEW-037-haigusha-kyojuken,配偶者居住権とは,,,,,,,,published,,,,haigusha-kyojuken,,,
NEW-038-oya-naku-tetsuzuki,親が亡くなったら最初にすること,,,,,,,,published,,,,oya-nakunattara-tetsuzuki-junban,,,
NEW-039-49nichi-houyou,四十九日法要の準備,,,,,,,,published,,,,49nichi-houyou-junbi,,,
NEW-040-eitai-kuyou,永代供養の種類と費用相場,,,,,,,,published,,,,eitai-kuyou-shurui-hiyou,,,
NEW-041-seinen-kouken,成年後見制度のデメリット,,,,,,,,published,,,,seinen-kouken-demerit,,,
NEW-042-sankotsu,散骨の方法と費用相場,,,,,,,,published,,,,sankotsu-houhou-hiyou,,,
NEW-043-jikkajimai-hiyou,実家じまいの費用相場,,,,,,,,published,,,,jikkajimai-hiyou-soba,,,
NEW-044-souzokuzei-kiso,相続税の基礎控除と申告必要か判定,,,,,,,,published,,,,souzokuzei-kiso-koujo,,,
NEW-045-ohitorisama-shukatsu,おひとりさまの終活完全ガイド,,,,,,,,published,,,,ohitorisama-shukatsu,,,
NEW-046-sogi-hiyou,葬儀費用の平均と内訳,,,,,,,,published,,,,sogi-hiyou-heikin,,,
NEW-047-kazoku-sou-nagare,家族葬の流れ完全ガイド,,,,,,,,published,,,,kazoku-sou-nagare,,,
NEW-048-akiya-souzoku-handan,実家を相続したら,,,,,,,,published,,,,akiya-souzoku-4sentakushi,,,
NEW-049-kaigo-shisetsu-shurui,介護施設の種類と選び方,,,,,,,,published,,,,kaigo-shisetsu-shurui-erabikata,,,
NEW-050-oyakouko,親孝行で今できること15選,,,,,,,,published,,,,oyakoko-imadekiru-koto,,,
NEW-051-junkakutei-shinkoku,準確定申告の進め方,,,,,,,,published,,,,junkakutei-shinkoku-yarikata,,,
NEW-052-senior-sumikae,シニアの住み替え,,,,,,,,published,,,,senior-sumikae-timing,,,
NEW-053-kakeizu,家系図の作り方,,,,,,,,published,,,,kakeizu-tsukurikata,,,
NEW-054-ihin-hiyou,遺品整理の費用相場,,,,,,,,published,,,,ihin-hiyou-soba,,,
NEW-055-senior-chintai,高齢者の賃貸入居問題,,,,,,,,published,,,,senior-chintai-hoshou,,,
NEW-056-ninchisho-yokin,認知症の親の預金が引き出せない,,,,,,,,published,,,,ninchisho-yokin-hikidashi,,,
NEW-057-isan-bunkatsu,遺産分割協議書の作り方,,,,,,,,published,,,,isan-bunkatsu-kyougisho,,,
akiya-kotei-6bai-kaihi,空き家の固定資産税6倍を回避する方法,,,,,,,,published,,,,akiya-kotei-6bai-kaihi,,,
akiya-urenai-taisho,空き家が売れない…どうする？5つの理由と売るための対処法,,,,,,,,published,,,,akiya-urenai-taisho,,,
furuie-tsuki-tochi-baikyaku,古家付き土地で売る？解体して売る？損しない判断の軸,,,,,,,,published,,,,furuie-tsuki-tochi-baikyaku,,,
jikka-baikyaku-timing,実家を売るタイミング,,,,,,,,published,,,,jikka-baikyaku-timing,,,
overseas-death-doula,デスドゥーラとは？米国で広がる死の伴走者,,,,,,,,published,,,,death-doula,,,
overseas-digital-estate,海外デジタル遺産サービス7社比較,,,,,,,,published,,,,overseas-digital-estate-services,,,
overseas-swedish-death-cleaning,デスクリーニングとは？北欧式生前整理,,,,,,,,published,,,,swedish-death-cleaning,,,
souzoku-jikka-sumanai,相続した実家に住まないと維持費はいくら？費用内訳と選択肢,,,,,,,,published,,,,souzoku-jikka-sumanai,,,
